{
  "IcoMoonType": "selection",
  "icons": [
    {
      "icon": {
        "paths": [
          "M611.584 522.016l-195.264-148.256c-71.552-57.6-105.408-120.896-101.504-189.792 3.904-68.864 25.6-119.584 65.056-152.192l195.296 148.288c65.792 53.376 98.368 114.048 97.76 182.080s-21.056 121.344-61.344 159.872zM218.72 517.376c10.848-62.24 49.376-109.984 115.68-143.168l395.168 299.808c58.496 49.888 84.16 104.512 76.928 164-7.2 59.488-46.176 110.88-117.024 154.176l-395.136-299.712c-61.216-54.496-86.4-112.896-75.616-175.104z"
        ],
        "grid": 32,
        "tags": [
          "logo"
        ],
        "attrs": []
      },
      "attrs": [],
      "properties": {
        "order": 11,
        "id": 0,
        "prevSize": 32,
        "code": 33,
        "name": "logo",
        "ligatures": ""
      },
      "setIdx": 0,
      "setId": 1,
      "iconIdx": 0
    },
    {
      "icon": {
        "paths": [
          "M1024.339 512.169c0 282.863-229.306 512.169-512.169 512.169s-512.169-229.306-512.169-512.169c0-282.863 229.306-512.169 512.169-512.169s512.169 229.306 512.169 512.169z",
          "M507.092 816.153c-1.016 0-2.37 0-3.385 0-140.483-1.354-253.207-91.737-288.074-230.188-3.724-15.572 5.416-31.143 20.988-34.867s31.143 5.416 34.867 20.988c34.19 136.42 146.576 185.843 232.558 186.52 90.044 1.016 209.201-48.407 248.13-190.582 4.062-15.233 19.972-24.373 35.205-20.311s24.373 19.972 20.311 35.205c-19.972 73.119-61.271 133.712-119.495 175.349-51.792 37.575-116.11 57.886-181.104 57.886z"
        ],
        "attrs": [
          {
            "fill": "rgb(0, 0, 0)"
          },
          {
            "fill": "rgb(255, 255, 255)"
          }
        ],
        "width": 1023,
        "isMulticolor": true,
        "isMulticolor2": false,
        "grid": 14,
        "tags": [
          "Ello"
        ],
        "colorPermutations": {
          "12552552551": [
            {
              "f": 0
            },
            {
              "f": 1
            }
          ]
        }
      },
      "attrs": [
        {
          "fill": "rgb(0, 0, 0)"
        },
        {
          "fill": "rgb(255, 255, 255)"
        }
      ],
      "properties": {
        "order": 30,
        "id": 434,
        "name": "ello",
        "prevSize": 32,
        "code": 59651,
        "codes": [
          59651,
          59652
        ]
      },
      "setIdx": 0,
      "setId": 1,
      "iconIdx": 1
    },
    {
      "icon": {
        "width": 805,
        "paths": [
          "M530.286 800.571v86.286l-404 0.571v-86.286zM668 602.857v400.571l-0.571 20v0.571l-667.429-0.571v-420.571h69.143v353.143h530.286v-353.143h68.571zM137.714 653.143l402.286 37.143-7.429 85.714-402.857-37.143zM176.571 472.571l390.286 104.571-22.286 83.429-390.286-104.571zM269.714 273.143l348 205.714-44 74.286-348-205.714zM475.429 84l227.429 334.286-70.857 48.571-228-333.714zM734.286 0l69.143 398.286-85.143 14.857-69.143-398.286z"
        ],
        "tags": [
          "stack-overflow"
        ],
        "defaultCode": 61804,
        "grid": 14,
        "attrs": []
      },
      "attrs": [],
      "properties": {
        "id": 328,
        "order": 20,
        "prevSize": 32,
        "code": 42,
        "name": "stack-overflow",
        "ligatures": ""
      },
      "setIdx": 0,
      "setId": 1,
      "iconIdx": 10
    },
    {
      "icon": {
        "paths": [
          "M73.6 512l291.2-144 41.6-316.8 224 230.4 320-54.4-150.4 284.8 150.4 284.8-320-54.4-224 230.4-41.6-320z"
        ],
        "attrs": [],
        "isMulticolor": false,
        "grid": 14,
        "tags": [
          "star"
        ]
      },
      "attrs": [],
      "properties": {
        "order": 21,
        "id": 427,
        "prevSize": 32,
        "code": 59648,
        "name": "star"
      },
      "setIdx": 0,
      "setId": 1,
      "iconIdx": 11
    },
    {
      "icon": {
        "paths": [
          "M512 257.903l294.156 294.156h-226.274v214.038h-135.764v-214.038h-226.274z"
        ],
        "attrs": [],
        "isMulticolor": false,
        "grid": 14,
        "tags": [
          "up"
        ]
      },
      "attrs": [],
      "properties": {
        "order": 26,
        "id": 433,
        "prevSize": 32,
        "code": 59650,
        "name": "up"
      },
      "setIdx": 0,
      "setId": 1,
      "iconIdx": 16
    },
    {
      "icon": {
        "paths": [
          "M1024 194.418c-37.676 16.708-78.164 28.002-120.66 33.080 43.372-26 76.686-67.17 92.372-116.23-40.596 24.078-85.556 41.56-133.41 50.98-38.32-40.83-92.922-66.34-153.346-66.34-116.022 0-210.088 94.058-210.088 210.078 0 16.466 1.858 32.5 5.44 47.878-174.6-8.764-329.402-92.4-433.018-219.506-18.084 31.028-28.446 67.116-28.446 105.618 0 72.888 37.088 137.192 93.46 174.866-34.438-1.092-66.832-10.542-95.154-26.278-0.020 0.876-0.020 1.756-0.020 2.642 0 101.788 72.418 186.696 168.522 206-17.626 4.8-36.188 7.372-55.348 7.372-13.538 0-26.698-1.32-39.528-3.772 26.736 83.46 104.32 144.206 196.252 145.896-71.9 56.35-162.486 89.934-260.916 89.934-16.958 0-33.68-0.994-50.116-2.94 92.972 59.61 203.402 94.394 322.042 94.394 386.422 0 597.736-320.124 597.736-597.744 0-9.108-0.206-18.168-0.61-27.18 41.056-29.62 76.672-66.62 104.836-108.748z"
        ],
        "tags": [
          "twitter",
          "tweet",
          "social"
        ],
        "grid": 16,
        "attrs": []
      },
      "attrs": [],
      "properties": {
        "id": 365,
        "order": 12,
        "prevSize": 32,
        "code": 34,
        "name": "twitter",
        "ligatures": ""
      },
      "setIdx": 0,
      "setId": 1,
      "iconIdx": 2
    },
    {
      "icon": {
        "paths": [
          "M852 0h-680c-94.6 0-172 77.4-172 172v680c0 94.6 77.4 172 172 172h680c94.6 0 172-77.4 172-172v-680c0-94.6-77.4-172-172-172zM384 832h-128v-448h128v448zM320 320c-35.346 0-64-28.654-64-64s28.654-64 64-64 64 28.654 64 64-28.654 64-64 64zM832 832h-128v-256c0-35.346-28.654-64-64-64s-64 28.654-64 64v256h-128v-448h128v79.472c26.398-36.264 66.752-79.472 112-79.472 79.53 0 144 71.634 144 160v288z"
        ],
        "tags": [
          "linkedin",
          "social"
        ],
        "grid": 16,
        "attrs": []
      },
      "attrs": [],
      "properties": {
        "id": 415,
        "order": 13,
        "prevSize": 32,
        "code": 35,
        "name": "linkedin",
        "ligatures": ""
      },
      "setIdx": 0,
      "setId": 1,
      "iconIdx": 3
    },
    {
      "icon": {
        "paths": [
          "M512 0c-282.77 0-512 229.23-512 512s229.23 512 512 512 512-229.23 512-512-229.23-512-512-512zM816.056 816.056c-39.518 39.516-85.512 70.532-136.708 92.186-13.006 5.5-26.214 10.328-39.6 14.492v-76.734c0-40.334-13.834-70-41.5-89 17.334-1.666 33.25-4 47.75-7s29.834-7.334 46-13 30.666-12.416 43.5-20.25 25.166-18 37-30.5 21.75-26.666 29.75-42.5 14.334-34.834 19-57 7-46.584 7-73.25c0-51.666-16.834-95.666-50.5-132 15.334-40 13.666-83.5-5-130.5l-12.5-1.5c-8.666-1-24.25 2.666-46.75 11s-47.75 22-75.75 41c-39.666-11-80.834-16.5-123.5-16.5-43 0-84 5.5-123 16.5-17.666-12-34.416-21.916-50.25-29.75-15.834-7.834-28.5-13.166-38-16s-18.334-4.584-26.5-5.25-13.416-0.834-15.75-0.5-4 0.666-5 1c-18.666 47.334-20.334 90.834-5 130.5-33.666 36.334-50.5 80.334-50.5 132 0 26.666 2.334 51.084 7 73.25s11 41.166 19 57 17.916 30 29.75 42.5 24.166 22.666 37 30.5 27.334 14.584 43.5 20.25 31.5 10 46 13 30.416 5.334 47.75 7c-27.334 18.666-41 48.334-41 89v78.23c-15.098-4.494-29.98-9.804-44.6-15.988-51.194-21.654-97.188-52.67-136.706-92.186-39.516-39.518-70.534-85.512-92.186-136.708-22.398-52.958-33.756-109.262-33.756-167.348s11.358-114.39 33.758-167.35c21.654-51.194 52.67-97.188 92.186-136.706s85.512-70.534 136.706-92.186c52.96-22.4 109.264-33.758 167.35-33.758s114.39 11.358 167.35 33.758c51.196 21.654 97.19 52.67 136.708 92.186 39.516 39.516 70.532 85.512 92.186 136.706 22.398 52.96 33.756 109.264 33.756 167.35s-11.358 114.39-33.758 167.35c-21.654 51.194-52.67 97.19-92.186 136.706z"
        ],
        "tags": [
          "github",
          "octacat",
          "social"
        ],
        "grid": 16,
        "attrs": []
      },
      "attrs": [],
      "properties": {
        "id": 394,
        "order": 14,
        "prevSize": 32,
        "code": 36,
        "name": "github",
        "ligatures": ""
      },
      "setIdx": 0,
      "setId": 1,
      "iconIdx": 4
    },
    {
      "icon": {
        "paths": [
          "M992.262 871.396l-242.552-206.294c-25.074-22.566-51.89-32.926-73.552-31.926 57.256-67.068 91.842-154.078 91.842-249.176 0-212.078-171.922-384-384-384-212.076 0-384 171.922-384 384 0 212.078 171.922 384 384 384 95.098 0 182.108-34.586 249.176-91.844-1 21.662 9.36 48.478 31.926 73.552l206.294 242.552c35.322 39.246 93.022 42.554 128.22 7.356s31.892-92.898-7.354-128.22zM384 640c-141.384 0-256-114.616-256-256s114.616-256 256-256 256 114.616 256 256-114.614 256-256 256z"
        ],
        "tags": [
          "search",
          "magnifier",
          "lookup",
          "find"
        ],
        "grid": 16,
        "attrs": []
      },
      "attrs": [],
      "properties": {
        "id": 127,
        "order": 15,
        "prevSize": 32,
        "code": 37,
        "name": "search",
        "ligatures": ""
      },
      "setIdx": 0,
      "setId": 1,
      "iconIdx": 5
    },
    {
      "icon": {
        "paths": [
          "M917.806 229.076c-22.212-30.292-53.174-65.7-87.178-99.704s-69.412-64.964-99.704-87.178c-51.574-37.82-76.592-42.194-90.924-42.194h-496c-44.112 0-80 35.888-80 80v864c0 44.112 35.888 80 80 80h736c44.112 0 80-35.888 80-80v-624c0-14.332-4.372-39.35-42.194-90.924zM785.374 174.626c30.7 30.7 54.8 58.398 72.58 81.374h-153.954v-153.946c22.984 17.78 50.678 41.878 81.374 72.572zM896 944c0 8.672-7.328 16-16 16h-736c-8.672 0-16-7.328-16-16v-864c0-8.672 7.328-16 16-16 0 0 495.956-0.002 496 0v224c0 17.672 14.326 32 32 32h224v624z"
        ],
        "attrs": [
          {}
        ],
        "isMulticolor": false,
        "tags": [
          "file-empty",
          "file",
          "document",
          "paper",
          "page",
          "new",
          "empty",
          "blank"
        ],
        "grid": 16
      },
      "attrs": [
        {}
      ],
      "properties": {
        "order": 16,
        "id": 426,
        "prevSize": 32,
        "code": 38,
        "name": "file-empty"
      },
      "setIdx": 0,
      "setId": 1,
      "iconIdx": 6
    },
    {
      "icon": {
        "paths": [
          "M832 896h-640v-128l192-320 263 320 185-128v256z",
          "M832 480c0 53.020-42.98 96-96 96-53.022 0-96-42.98-96-96s42.978-96 96-96c53.020 0 96 42.98 96 96z",
          "M917.806 229.076c-22.212-30.292-53.174-65.7-87.178-99.704s-69.412-64.964-99.704-87.178c-51.574-37.82-76.592-42.194-90.924-42.194h-496c-44.112 0-80 35.888-80 80v864c0 44.112 35.888 80 80 80h736c44.112 0 80-35.888 80-80v-624c0-14.332-4.372-39.35-42.194-90.924zM785.374 174.626c30.7 30.7 54.8 58.398 72.58 81.374h-153.954v-153.946c22.984 17.78 50.678 41.878 81.374 72.572zM896 944c0 8.672-7.328 16-16 16h-736c-8.672 0-16-7.328-16-16v-864c0-8.672 7.328-16 16-16 0 0 495.956-0.002 496 0v224c0 17.672 14.326 32 32 32h224v624z"
        ],
        "attrs": [
          {},
          {},
          {}
        ],
        "isMulticolor": false,
        "tags": [
          "file-picture",
          "file",
          "document",
          "file-image"
        ],
        "grid": 16
      },
      "attrs": [
        {},
        {},
        {}
      ],
      "properties": {
        "order": 17,
        "id": 424,
        "prevSize": 32,
        "code": 39,
        "name": "file-picture"
      },
      "setIdx": 0,
      "setId": 1,
      "iconIdx": 7
    },
    {
      "icon": {
        "paths": [
          "M917.806 229.076c-22.212-30.292-53.174-65.7-87.178-99.704s-69.412-64.964-99.704-87.178c-51.574-37.82-76.592-42.194-90.924-42.194h-496c-44.112 0-80 35.888-80 80v864c0 44.112 35.888 80 80 80h736c44.112 0 80-35.888 80-80v-624c0-14.332-4.372-39.35-42.194-90.924zM785.374 174.626c30.7 30.7 54.8 58.398 72.58 81.374h-153.954v-153.946c22.984 17.78 50.678 41.878 81.374 72.572zM896 944c0 8.672-7.328 16-16 16h-736c-8.672 0-16-7.328-16-16v-864c0-8.672 7.328-16 16-16 0 0 495.956-0.002 496 0v224c0 17.672 14.326 32 32 32h224v624z",
          "M736 832h-448c-17.672 0-32-14.326-32-32s14.328-32 32-32h448c17.674 0 32 14.326 32 32s-14.326 32-32 32z",
          "M736 704h-448c-17.672 0-32-14.326-32-32s14.328-32 32-32h448c17.674 0 32 14.326 32 32s-14.326 32-32 32z",
          "M736 576h-448c-17.672 0-32-14.326-32-32s14.328-32 32-32h448c17.674 0 32 14.326 32 32s-14.326 32-32 32z"
        ],
        "attrs": [
          {},
          {},
          {},
          {}
        ],
        "isMulticolor": false,
        "tags": [
          "file-text",
          "file",
          "document",
          "list",
          "paper",
          "page"
        ],
        "grid": 16
      },
      "attrs": [
        {},
        {},
        {},
        {}
      ],
      "properties": {
        "order": 18,
        "id": 425,
        "prevSize": 32,
        "code": 40,
        "name": "file-text"
      },
      "setIdx": 0,
      "setId": 1,
      "iconIdx": 8
    },
    {
      "icon": {
        "paths": [
          "M917.806 229.076c-22.208-30.292-53.174-65.7-87.178-99.704s-69.412-64.964-99.704-87.178c-51.574-37.82-76.594-42.194-90.924-42.194h-496c-44.112 0-80 35.888-80 80v864c0 44.112 35.882 80 80 80h736c44.112 0 80-35.888 80-80v-624c0-14.332-4.372-39.35-42.194-90.924v0 0zM785.374 174.626c30.7 30.7 54.8 58.398 72.58 81.374h-153.954v-153.946c22.98 17.78 50.678 41.878 81.374 72.572v0 0zM896 944c0 8.672-7.328 16-16 16h-736c-8.672 0-16-7.328-16-16v-864c0-8.672 7.328-16 16-16 0 0 495.956-0.002 496 0v224c0 17.672 14.32 32 32 32h224v624z",
          "M256 512h320v320h-320v-320z",
          "M576 640l192-128v320l-192-128z"
        ],
        "attrs": [
          {},
          {},
          {}
        ],
        "isMulticolor": false,
        "tags": [
          "file-video",
          "file",
          "document",
          "file-camera"
        ],
        "grid": 16
      },
      "attrs": [
        {},
        {},
        {}
      ],
      "properties": {
        "order": 19,
        "id": 423,
        "prevSize": 32,
        "code": 41,
        "name": "file-video"
      },
      "setIdx": 0,
      "setId": 1,
      "iconIdx": 9
    },
    {
      "icon": {
        "paths": [
          "M1024 0v416l-160-160-192 192-96-96 192-192-160-160zM448 672l-192 192 160 160h-416v-416l160 160 192-192z"
        ],
        "attrs": [],
        "isMulticolor": false,
        "tags": [
          "expand",
          "enlarge",
          "maximize",
          "fullscreen"
        ],
        "defaultCode": 40,
        "grid": 16
      },
      "attrs": [],
      "properties": {
        "order": 24,
        "prevSize": 32,
        "name": "expand",
        "ligatures": "",
        "id": 428,
        "code": 45
      },
      "setIdx": 0,
      "setId": 1,
      "iconIdx": 14
    },
    {
      "icon": {
        "paths": [
          "M448 576v416l-160-160-192 192-96-96 192-192-160-160zM1024 96l-192 192 160 160h-416v-416l160 160 192-192z"
        ],
        "attrs": [],
        "isMulticolor": false,
        "tags": [
          "contract",
          "minimize",
          "shrink",
          "collapse"
        ],
        "defaultCode": 41,
        "grid": 16
      },
      "attrs": [],
      "properties": {
        "order": 25,
        "prevSize": 32,
        "name": "contract",
        "ligatures": "",
        "id": 429,
        "code": 46
      },
      "setIdx": 0,
      "setId": 1,
      "iconIdx": 15
    },
    {
      "icon": {
        "paths": [
          "M896 0h-896v1024h1024v-896l-128-128zM512 128h128v256h-128v-256zM896 896h-768v-768h64v320h576v-320h74.978l53.022 53.018v714.982z"
        ],
        "attrs": [],
        "isMulticolor": false,
        "tags": [
          "floppy-disk",
          "save"
        ],
        "grid": 16
      },
      "attrs": [],
      "properties": {
        "order": 27,
        "id": 430,
        "prevSize": 32,
        "code": 59649,
        "name": "floppy-disk"
      },
      "setIdx": 0,
      "setId": 1,
      "iconIdx": 17
    },
    {
      "icon": {
        "paths": [
          "M716.749 276.48l0.051 471.040-409.6-235.52z"
        ],
        "tags": [
          "arrow-left",
          "left",
          "triangle",
          "previous"
        ],
        "grid": 20,
        "attrs": []
      },
      "attrs": [],
      "properties": {
        "id": 201,
        "order": 22,
        "prevSize": 20,
        "code": 43,
        "name": "arrow-left",
        "ligatures": ""
      },
      "setIdx": 0,
      "setId": 1,
      "iconIdx": 12
    },
    {
      "icon": {
        "paths": [
          "M307.251 276.48l-0.051 471.040 409.6-235.52z"
        ],
        "tags": [
          "arrow-right",
          "triangle",
          "right",
          "next"
        ],
        "grid": 20,
        "attrs": []
      },
      "attrs": [],
      "properties": {
        "id": 204,
        "order": 23,
        "prevSize": 20,
        "code": 44,
        "name": "arrow-right",
        "ligatures": ""
      },
      "setIdx": 0,
      "setId": 1,
      "iconIdx": 13
    }
  ],
  "height": 1024,
  "metadata": {
    "name": "Rv"
  },
  "preferences": {
    "showGlyphs": true,
    "showQuickUse": true,
    "fontPref": {
      "prefix": "rv-",
      "metadata": {
        "fontFamily": "Rv",
        "majorVersion": 1,
        "minorVersion": 0
      },
      "metrics": {
        "emSize": 512,
        "baseline": 6.25,
        "whitespace": 50
      },
      "showMetrics": true,
      "resetPoint": 33,
      "showSelector": false,
      "embed": false,
      "noie8": true,
      "ie7": false
    },
    "imagePref": {
      "prefix": "icon-"
    },
    "historySize": 100,
    "showCodes": true,
    "search": "",
    "gridSize": 16,
    "showQuickUse2": true,
    "showSVGs": true
  }
}